###Courses


INSERT INTO COURSES VALUES('CT111','Introduction to Communication Systems',3,3,0,4.5);
INSERT INTO COURSES VALUES('EL114','Digital Logic Design',3,3,0,4.5);
INSERT INTO COURSES VALUES('HM106','Approaches to Indian Society',3,0,0,3);
INSERT INTO COURSES VALUES('IT205','Data Structures',3,2,0,4);
INSERT INTO COURSES VALUES('IT206','Data Structure LAB',3,3,0,4.5);
INSERT INTO COURSES VALUES('SC205','Discrete Mathematics',3,0,1,4);
INSERT INTO COURSES VALUES('CT215','Analog Communication and Transmission Line Theory',3,3,0,4.5);
INSERT INTO COURSES VALUES('EL213','Analog Circuits',3,3,0,4.5);
INSERT INTO COURSES VALUES('IT215','Systems Software',3,0,0,3);
INSERT INTO COURSES VALUES('SC209','Environmental Studies',3,0,1,4);
INSERT INTO COURSES VALUES('SC221','Engineered Materials',3,0,1,4);
INSERT INTO COURSES VALUES('SC222','Probability Statistics and Information Theory',3,0,0,3);
INSERT INTO COURSES VALUES('CS201','Introductory Computational Physics',3,3,0,4.5);
INSERT INTO COURSES VALUES('CT314','Statistical Communication Theory',3,3,0,4.5);
INSERT INTO COURSES VALUES('CT477','Adaptive Signal Processing',3,3,0,4.5);
INSERT INTO COURSES VALUES('CT478','Speech_Technology',3,3,0,4.5);
INSERT INTO COURSES VALUES('EL426','Digital System Architecture',3,3,0,4.5);
INSERT INTO COURSES VALUES('EL454','CAD of VLSI',3,0,0,3);
INSERT INTO COURSES VALUES('EL512','VLSI Subsystem Design',3,3,0,4.5);
INSERT INTO COURSES VALUES('HM320','Indian Cities in Literature',3,0,0,3);
INSERT INTO COURSES VALUES('HM327','Culture, Politics, Identity',3,0,0,3);
INSERT INTO COURSES VALUES('HM432','Organisational Behaviour',3,0,0,3);
INSERT INTO COURSES VALUES('IT308','Operating System',3,0,0,3);
INSERT INTO COURSES VALUES('IT314','Software Engineering',3,0,0,3);
INSERT INTO COURSES VALUES('IT325','Introduction to Cryptography',3,3,0,4.5);
INSERT INTO COURSES VALUES('IT410','Web Data Management',3,0,0,3);
INSERT INTO COURSES VALUES('IT422','Models of Computation',3,3,0,4.5);
INSERT INTO COURSES VALUES('IT468','Natural Computing',3,2,0,4);
INSERT INTO COURSES VALUES('IT478','Internet of Things',3,3,0,4.5);
INSERT INTO COURSES VALUES('IT487','Introduction to Robotics',3,3,0,4.5);
INSERT INTO COURSES VALUES('SC332','Introduction to Quantum Mechanics',3,0,0,3);
INSERT INTO COURSES VALUES('SC461','Introduction to Coding Theory and Applications',3,0,1,4);
INSERT INTO COURSES VALUES('SC465','Analysis of Multidisciplinary Problems_draft',3,0,1,4);
INSERT INTO COURSES VALUES('SC469','Brain_and_Cognitive_Science',3,0,1,4);
INSERT INTO COURSES VALUES('SC470','Advanced Linear Algebra',3,0,1,4);
INSERT INTO COURSES VALUES('SC482','Approximation-Algorithms',3,0,0,3);
INSERT INTO COURSES VALUES('CS302','Modeling and Simulation',3,3,0,4.5);
INSERT INTO COURSES VALUES('CS304','Introduction to Nonlinear Science',3,3,0,4.5);
INSERT INTO COURSES VALUES('CS306','Data Analysis and Visualization',3,2,0,4);
INSERT INTO COURSES VALUES('CS401','Computational Finance',3,3,0,4.5);
INSERT INTO COURSES VALUES('CS307','Computational Optimization',3,2,0,4);
INSERT INTO COURSES VALUES('CS403','Multimedia Computing',3,0,0,3);
INSERT INTO COURSES VALUES('CT321','Digital Signal Processing',3,3,0,4.5);
INSERT INTO COURSES VALUES('CT476','Microwave Engineering',3,3,0,4.5);
INSERT INTO COURSES VALUES('EL453','Nanoelectronics',3,2,0,4);
INSERT INTO COURSES VALUES('EL519','Low Power VLSI',3,2,0,4);
INSERT INTO COURSES VALUES('ES411','Control Systems',3,2,0,4);
INSERT INTO COURSES VALUES('HM379','Introduction to Drama-Theory and Praxis',3,0,0,3);
INSERT INTO COURSES VALUES('HM484','Modern European Philosophy-From Descartes to Nietzsche',3,0,0,3);
INSERT INTO COURSES VALUES('IT424','Logic for Computer Science',3,3,0,4.5);
INSERT INTO COURSES VALUES('IT476','Human Computer Interaction',3,0,0,3);
INSERT INTO COURSES VALUES('SC322','Introduction to Graph Theory',3,0,1,4);
INSERT INTO COURSES VALUES('SC555','Intro to Machine Learning',3,3,0,4.5);


###Users


INSERT INTO USERS VALUES ('Olivia Smith','oliviasmith83@gmail.com','1234567890','2000',1);
INSERT INTO USERS VALUES ('Cora JONES','corajones77@gmail.com','2148566473','2000',0);
INSERT INTO USERS VALUES ('Amelia BROWN','ameliabrown93@gmail.com','2175386976','2000',0);
INSERT INTO USERS VALUES ('Charlotte JOHNSON','charlottejohnson86@gmail.com','5922199961','2000',0);
INSERT INTO USERS VALUES ('Isla WILLIAMS','islawilliams49@gmail.com','6422500845','2000',0);
INSERT INTO USERS VALUES ('Isabella MILLER','isabellamiller62@gmail.com','4796685918','2000',0);
INSERT INTO USERS VALUES ('Maia TAYLOR','maiataylor90@gmail.com','4384750786','2000',0);
INSERT INTO USERS VALUES ('Aurora WILSON','aurorawilson63@gmail.com','5988121525','2000',0);
INSERT INTO USERS VALUES ('Amara DAVIS','amaradavis40@gmail.com','6977246351','2000',0);
INSERT INTO USERS VALUES ('Ava WHITE','avawhite72@gmail.com','8396766113','2000',0);
INSERT INTO USERS VALUES ('Rumi CLARK','rumiclark11@yahoo.com','5657840257','2000',0);
INSERT INTO USERS VALUES ('Penelope HALL','penelopehall67@gmail.com','9396917940','2000',0);
INSERT INTO USERS VALUES ('Evelyn THOMAS','evelynthomas82@yahoo.com','5182159823','2000',0);
INSERT INTO USERS VALUES ('Ophelia HOMPSON','opheliathompson62@gmail.com','3348521171','2000',0);
INSERT INTO USERS VALUES ('Rose MOORE','rosemoore67@gmail.com','4824856917','2000',0);
INSERT INTO USERS VALUES ('Eleanor HILL','eleanorhill29@gmail.com','3417585994','2000',0);
INSERT INTO USERS VALUES ('Violet WALKER','violetwalker22@gmail.com','5844688186','2000',0);
INSERT INTO USERS VALUES ('Luna ANDERSON','lunaanderson69@gmail.com','6767266490','2000',0);
INSERT INTO USERS VALUES ('Arabella WRIGHT','arabellawright93@gmail.com','4964805088','2000',0);
INSERT INTO USERS VALUES ('Hazel MARTIN','hazelmartin11@gmail.com','3409005597','2000',0);
INSERT INTO USERS VALUES ('Imogen WOOD','imogenwood29@gmail.com','4373074525','2000',0);
INSERT INTO USERS VALUES ('Esme ALLEN','esmeallen21@yahoo.com','6833250962','2000',0);
INSERT INTO USERS VALUES ('Asher LEWIS','asherlewis98@yahoo.com','2575950281','2000',0);
INSERT INTO USERS VALUES ('Jack SCOTT','jackscott15@gmail.com','8163612533','2000',0);
INSERT INTO USERS VALUES ('Theodore YOUNG','theodoreyoung13@gmail.com','4448584045','2000',0);
INSERT INTO USERS VALUES ('Jasper JACKSON','jasperjackson91@yahoo.com','5008001491','2000',0);
INSERT INTO USERS VALUES ('Milo ADAMS','miloadams56@gmail.com','7189541708','2000',0);
INSERT INTO USERS VALUES ('Oliver TRYNISKI','olivertryniski62@yahoo.com','3436154611','2000',0);
INSERT INTO USERS VALUES ('Silas GREEN','silasgreen96@gmail.com','6335060706','2000',0);
INSERT INTO USERS VALUES ('Henry EVANS','henryevans5@gmail.com','3472155143','2000',0);
INSERT INTO USERS VALUES ('Wyatt KING','wyattking84@gmail.com','5032306305','2000',0);
INSERT INTO USERS VALUES ('Leo BAKER','leobaker36@yahoo.com','3442699854','2000',0);
INSERT INTO USERS VALUES ('Oscar JOHN','oscarjohn46@gmail.com','4936507345','2000',0);
INSERT INTO USERS VALUES ('Declan HARRIS','declanharris13@yahoo.com','5068423964','2000',0);
INSERT INTO USERS VALUES ('Xavier ROBERTS','xavierroberts24@gmail.com','8333910533','2000',0);
INSERT INTO USERS VALUES ('Felix CAMPBELL','felixcampbell82@gmail.com','5189999254','2000',0);
INSERT INTO USERS VALUES ('Levi JAMES','levijames14@gmail.com','9427749379','2000',0);
INSERT INTO USERS VALUES ('Finn STEWART','finnstewart34@yahoo.com','8355687411','2000',0);
INSERT INTO USERS VALUES ('Matthew LEE','matthewlee43@yahoo.com','6093219669','2000',0);
INSERT INTO USERS VALUES ('Axel HARRIS','axelharris76@yahoo.com','4398786089','2000',0);
INSERT INTO USERS VALUES ('Sebastian ROBERTS','sebastianroberts88@gmail.com','4849744873','2000',0);
INSERT INTO USERS VALUES ('Arthur CAMPBELL','arthurcampbell3@yahoo.com','5735617228','2000',0);
INSERT INTO USERS VALUES ('Bodhi JAMES','bodhijames54@gmail.com','8719950391','2000',0);
INSERT INTO USERS VALUES ('Alexander STEWART','alexanderstewart32@gmail.com','8579996163','2000',0);
INSERT INTO USERS VALUES ('Kai LEE','kailee76@gmail.com','9243278849','2000',0);
INSERT INTO USERS VALUES ('Ethan WOOD','ethanwood39@gmail.com','8639302773','2000',0);


###Offers


insert into offers Values(2,'CT111',1);
insert into offers Values(3,'EL114',1);
insert into offers Values(4,'HM106',1);
insert into offers Values(5,'IT205',1);
insert into offers Values(6,'IT206',1);
insert into offers Values(7,'SC205',1);
insert into offers Values(8,'CT215',2);
insert into offers Values(9,'EL213',2);
insert into offers Values(10,'IT215',2);
insert into offers Values(11,'SC209',2);
insert into offers Values(12,'SC221',2);
insert into offers Values(13,'SC222',2);
insert into offers Values(14,'CS201',3);
insert into offers Values(15,'CT314',3);
insert into offers Values(16,'CT477',3);
insert into offers Values(17,'CT478',3);
insert into offers Values(18,'EL426',3);
insert into offers Values(19,'EL454',3);
insert into offers Values(20,'EL512',3);
insert into offers Values(21,'HM320',3);
insert into offers Values(22,'HM327',3);
insert into offers Values(23,'HM432',3);
insert into offers Values(24,'IT308',3);
insert into offers Values(25,'IT314',3);
insert into offers Values(26,'IT325',3);
insert into offers Values(27,'IT410',3);
insert into offers Values(28,'IT422',3);
insert into offers Values(29,'IT468',3);
insert into offers Values(30,'IT478',3);
insert into offers Values(31,'IT487',3);
insert into offers Values(32,'SC332',3);
insert into offers Values(33,'SC461',3);
insert into offers Values(34,'SC465',3);
insert into offers Values(35,'SC469',3);
insert into offers Values(36,'SC470',3);
insert into offers Values(37,'SC482',3);
insert into offers Values(38,'CS302',3);
insert into offers Values(39,'CS304',4);
insert into offers Values(40,'CS306',4);
insert into offers Values(41,'CS401',4);
insert into offers Values(42,'CS307',4);
insert into offers Values(43,'CS403',4);
insert into offers Values(44,'CT321',4);
insert into offers Values(45,'CT476',4);
insert into offers Values(46,'EL453',4);
insert into offers Values(2,'EL519',4);
insert into offers Values(3,'ES411',4);
insert into offers Values(4,'HM379',4);
insert into offers Values(7,'HM484',4);
insert into offers Values(8,'IT424',4);
insert into offers Values(9,'IT476',4);
insert into offers Values(13,'SC322',4);
insert into offers Values(14,'SC555',4);


###Slot


INSERT INTO SLOTS VALUES('CS201',1);
INSERT INTO SLOTS VALUES('CT314',1);
INSERT INTO SLOTS VALUES('CT477',1);
INSERT INTO SLOTS VALUES('CT478',2);
INSERT INTO SLOTS VALUES('EL426',2);
INSERT INTO SLOTS VALUES('EL454',2);
INSERT INTO SLOTS VALUES('EL512',3);
INSERT INTO SLOTS VALUES('HM320',3);
INSERT INTO SLOTS VALUES('HM327',3);
INSERT INTO SLOTS VALUES('HM432',4);
INSERT INTO SLOTS VALUES('IT308',4);
INSERT INTO SLOTS VALUES('IT314',4);
INSERT INTO SLOTS VALUES('IT325',5);
INSERT INTO SLOTS VALUES('IT410',5);
INSERT INTO SLOTS VALUES('IT422',5);
INSERT INTO SLOTS VALUES('IT468',6);
INSERT INTO SLOTS VALUES('IT478',6);
INSERT INTO SLOTS VALUES('IT487',6);
INSERT INTO SLOTS VALUES('SC332',7);
INSERT INTO SLOTS VALUES('SC461',7);
INSERT INTO SLOTS VALUES('SC465',7);
INSERT INTO SLOTS VALUES('SC469',8);
INSERT INTO SLOTS VALUES('SC470',8);
INSERT INTO SLOTS VALUES('SC482',8);
INSERT INTO SLOTS VALUES('CS302',8);
INSERT INTO SLOTS VALUES('CS304',1);
INSERT INTO SLOTS VALUES('CS306',1);
INSERT INTO SLOTS VALUES('CS401',2);
INSERT INTO SLOTS VALUES('CS307',2);
INSERT INTO SLOTS VALUES('CS403',3);
INSERT INTO SLOTS VALUES('CT321',3);
INSERT INTO SLOTS VALUES('CT476',4);
INSERT INTO SLOTS VALUES('EL453',4);
INSERT INTO SLOTS VALUES('EL519',5);
INSERT INTO SLOTS VALUES('ES411',5);
INSERT INTO SLOTS VALUES('HM379',6);
INSERT INTO SLOTS VALUES('HM484',6);
INSERT INTO SLOTS VALUES('IT424',7);
INSERT INTO SLOTS VALUES('IT476',7);
INSERT INTO SLOTS VALUES('SC322',8);
INSERT INTO SLOTS VALUES('SC555',8);


####Preference


INSERT INTO PREFERENCES VALUES (2,2);
INSERT INTO PREFERENCES VALUES (2,3);
INSERT INTO PREFERENCES VALUES (2,5);
INSERT INTO PREFERENCES VALUES (2,6);
INSERT INTO PREFERENCES VALUES (2,7);
INSERT INTO PREFERENCES VALUES (2,8);
INSERT INTO PREFERENCES VALUES (2,9);
INSERT INTO PREFERENCES VALUES (2,10);
INSERT INTO PREFERENCES VALUES (2,11);
INSERT INTO PREFERENCES VALUES (2,12);
INSERT INTO PREFERENCES VALUES (2,13);
INSERT INTO PREFERENCES VALUES (2,14);
INSERT INTO PREFERENCES VALUES (2,16);
INSERT INTO PREFERENCES VALUES (2,18);
INSERT INTO PREFERENCES VALUES (2,19);
INSERT INTO PREFERENCES VALUES (2,20);
INSERT INTO PREFERENCES VALUES (2,22);
INSERT INTO PREFERENCES VALUES (2,23);
INSERT INTO PREFERENCES VALUES (2,24);
INSERT INTO PREFERENCES VALUES (2,25);
INSERT INTO PREFERENCES VALUES (3,5);
INSERT INTO PREFERENCES VALUES (3,10);
INSERT INTO PREFERENCES VALUES (3,13);
INSERT INTO PREFERENCES VALUES (3,18);
INSERT INTO PREFERENCES VALUES (3,20);
INSERT INTO PREFERENCES VALUES (3,22);
INSERT INTO PREFERENCES VALUES (3,24);
INSERT INTO PREFERENCES VALUES (3,25);
INSERT INTO PREFERENCES VALUES (4,1);
INSERT INTO PREFERENCES VALUES (4,2);
INSERT INTO PREFERENCES VALUES (4,3);
INSERT INTO PREFERENCES VALUES (4,6);
INSERT INTO PREFERENCES VALUES (4,7);
INSERT INTO PREFERENCES VALUES (4,10);
INSERT INTO PREFERENCES VALUES (4,13);
INSERT INTO PREFERENCES VALUES (4,14);
INSERT INTO PREFERENCES VALUES (4,17);
INSERT INTO PREFERENCES VALUES (4,21);
INSERT INTO PREFERENCES VALUES (4,22);
INSERT INTO PREFERENCES VALUES (4,24);
INSERT INTO PREFERENCES VALUES (5,1);
INSERT INTO PREFERENCES VALUES (5,2);
INSERT INTO PREFERENCES VALUES (5,4);
INSERT INTO PREFERENCES VALUES (5,5);
INSERT INTO PREFERENCES VALUES (5,6);
INSERT INTO PREFERENCES VALUES (5,8);
INSERT INTO PREFERENCES VALUES (5,9);
INSERT INTO PREFERENCES VALUES (5,10);
INSERT INTO PREFERENCES VALUES (5,11);
INSERT INTO PREFERENCES VALUES (5,12);
INSERT INTO PREFERENCES VALUES (5,13);
INSERT INTO PREFERENCES VALUES (5,14);
INSERT INTO PREFERENCES VALUES (5,15);
INSERT INTO PREFERENCES VALUES (5,18);
INSERT INTO PREFERENCES VALUES (5,19);
INSERT INTO PREFERENCES VALUES (5,21);
INSERT INTO PREFERENCES VALUES (5,22);
INSERT INTO PREFERENCES VALUES (5,25);
INSERT INTO PREFERENCES VALUES (6,2);
INSERT INTO PREFERENCES VALUES (6,3);
INSERT INTO PREFERENCES VALUES (6,4);
INSERT INTO PREFERENCES VALUES (6,5);
INSERT INTO PREFERENCES VALUES (6,6);
INSERT INTO PREFERENCES VALUES (6,7);
INSERT INTO PREFERENCES VALUES (6,10);
INSERT INTO PREFERENCES VALUES (6,12);
INSERT INTO PREFERENCES VALUES (6,15);
INSERT INTO PREFERENCES VALUES (6,16);
INSERT INTO PREFERENCES VALUES (6,17);
INSERT INTO PREFERENCES VALUES (6,18);
INSERT INTO PREFERENCES VALUES (6,20);
INSERT INTO PREFERENCES VALUES (6,21);
INSERT INTO PREFERENCES VALUES (6,22);
INSERT INTO PREFERENCES VALUES (6,23);
INSERT INTO PREFERENCES VALUES (7,1);
INSERT INTO PREFERENCES VALUES (7,3);
INSERT INTO PREFERENCES VALUES (7,4);
INSERT INTO PREFERENCES VALUES (7,7);
INSERT INTO PREFERENCES VALUES (7,9);
INSERT INTO PREFERENCES VALUES (7,10);
INSERT INTO PREFERENCES VALUES (7,12);
INSERT INTO PREFERENCES VALUES (7,16);
INSERT INTO PREFERENCES VALUES (7,18);
INSERT INTO PREFERENCES VALUES (7,20);
INSERT INTO PREFERENCES VALUES (7,22);
INSERT INTO PREFERENCES VALUES (7,23);
INSERT INTO PREFERENCES VALUES (7,25);
INSERT INTO PREFERENCES VALUES (8,4);
INSERT INTO PREFERENCES VALUES (8,5);
INSERT INTO PREFERENCES VALUES (8,9);
INSERT INTO PREFERENCES VALUES (8,16);
INSERT INTO PREFERENCES VALUES (8,19);
INSERT INTO PREFERENCES VALUES (8,20);
INSERT INTO PREFERENCES VALUES (8,21);
INSERT INTO PREFERENCES VALUES (8,22);
INSERT INTO PREFERENCES VALUES (8,25);
INSERT INTO PREFERENCES VALUES (9,1);
INSERT INTO PREFERENCES VALUES (9,2);
INSERT INTO PREFERENCES VALUES (9,4);
INSERT INTO PREFERENCES VALUES (9,5);
INSERT INTO PREFERENCES VALUES (9,6);
INSERT INTO PREFERENCES VALUES (9,7);
INSERT INTO PREFERENCES VALUES (9,10);
INSERT INTO PREFERENCES VALUES (9,13);
INSERT INTO PREFERENCES VALUES (9,14);
INSERT INTO PREFERENCES VALUES (9,15);
INSERT INTO PREFERENCES VALUES (9,17);
INSERT INTO PREFERENCES VALUES (9,19);
INSERT INTO PREFERENCES VALUES (9,21);
INSERT INTO PREFERENCES VALUES (9,22);
INSERT INTO PREFERENCES VALUES (9,25);
INSERT INTO PREFERENCES VALUES (10,1);
INSERT INTO PREFERENCES VALUES (10,2);
INSERT INTO PREFERENCES VALUES (10,3);
INSERT INTO PREFERENCES VALUES (10,4);
INSERT INTO PREFERENCES VALUES (10,8);
INSERT INTO PREFERENCES VALUES (10,10);
INSERT INTO PREFERENCES VALUES (10,12);
INSERT INTO PREFERENCES VALUES (10,13);
INSERT INTO PREFERENCES VALUES (10,16);
INSERT INTO PREFERENCES VALUES (10,17);
INSERT INTO PREFERENCES VALUES (11,4);
INSERT INTO PREFERENCES VALUES (11,5);
INSERT INTO PREFERENCES VALUES (11,9);
INSERT INTO PREFERENCES VALUES (11,11);
INSERT INTO PREFERENCES VALUES (11,13);
INSERT INTO PREFERENCES VALUES (11,19);
INSERT INTO PREFERENCES VALUES (11,21);
INSERT INTO PREFERENCES VALUES (11,22);
INSERT INTO PREFERENCES VALUES (11,25);
INSERT INTO PREFERENCES VALUES (12,2);
INSERT INTO PREFERENCES VALUES (12,4);
INSERT INTO PREFERENCES VALUES (12,5);
INSERT INTO PREFERENCES VALUES (12,7);
INSERT INTO PREFERENCES VALUES (12,12);
INSERT INTO PREFERENCES VALUES (12,14);
INSERT INTO PREFERENCES VALUES (12,16);
INSERT INTO PREFERENCES VALUES (12,18);
INSERT INTO PREFERENCES VALUES (12,19);
INSERT INTO PREFERENCES VALUES (12,20);
INSERT INTO PREFERENCES VALUES (13,1);
INSERT INTO PREFERENCES VALUES (13,9);
INSERT INTO PREFERENCES VALUES (13,16);
INSERT INTO PREFERENCES VALUES (13,19);
INSERT INTO PREFERENCES VALUES (13,20);
INSERT INTO PREFERENCES VALUES (13,21);
INSERT INTO PREFERENCES VALUES (13,22);
INSERT INTO PREFERENCES VALUES (13,23);
INSERT INTO PREFERENCES VALUES (13,25);
INSERT INTO PREFERENCES VALUES (14,5);
INSERT INTO PREFERENCES VALUES (14,6);
INSERT INTO PREFERENCES VALUES (14,8);
INSERT INTO PREFERENCES VALUES (14,12);
INSERT INTO PREFERENCES VALUES (14,15);
INSERT INTO PREFERENCES VALUES (14,18);
INSERT INTO PREFERENCES VALUES (14,20);
INSERT INTO PREFERENCES VALUES (15,1);
INSERT INTO PREFERENCES VALUES (15,2);
INSERT INTO PREFERENCES VALUES (15,3);
INSERT INTO PREFERENCES VALUES (15,4);
INSERT INTO PREFERENCES VALUES (15,5);
INSERT INTO PREFERENCES VALUES (15,6);
INSERT INTO PREFERENCES VALUES (15,7);
INSERT INTO PREFERENCES VALUES (15,8);
INSERT INTO PREFERENCES VALUES (15,9);
INSERT INTO PREFERENCES VALUES (15,11);
INSERT INTO PREFERENCES VALUES (15,12);
INSERT INTO PREFERENCES VALUES (15,13);
INSERT INTO PREFERENCES VALUES (15,16);
INSERT INTO PREFERENCES VALUES (15,17);
INSERT INTO PREFERENCES VALUES (15,19);
INSERT INTO PREFERENCES VALUES (15,20);
INSERT INTO PREFERENCES VALUES (15,21);
INSERT INTO PREFERENCES VALUES (15,22);
INSERT INTO PREFERENCES VALUES (15,23);
INSERT INTO PREFERENCES VALUES (15,24);
INSERT INTO PREFERENCES VALUES (15,25);
INSERT INTO PREFERENCES VALUES (16,6);
INSERT INTO PREFERENCES VALUES (16,7);
INSERT INTO PREFERENCES VALUES (16,9);
INSERT INTO PREFERENCES VALUES (16,10);
INSERT INTO PREFERENCES VALUES (16,11);
INSERT INTO PREFERENCES VALUES (16,14);
INSERT INTO PREFERENCES VALUES (16,16);
INSERT INTO PREFERENCES VALUES (16,19);
INSERT INTO PREFERENCES VALUES (16,20);
INSERT INTO PREFERENCES VALUES (16,21);
INSERT INTO PREFERENCES VALUES (16,22);
INSERT INTO PREFERENCES VALUES (16,24);
INSERT INTO PREFERENCES VALUES (16,25);
INSERT INTO PREFERENCES VALUES (17,2);
INSERT INTO PREFERENCES VALUES (17,5);
INSERT INTO PREFERENCES VALUES (17,6);
INSERT INTO PREFERENCES VALUES (17,7);
INSERT INTO PREFERENCES VALUES (17,8);
INSERT INTO PREFERENCES VALUES (17,10);
INSERT INTO PREFERENCES VALUES (17,11);
INSERT INTO PREFERENCES VALUES (17,12);
INSERT INTO PREFERENCES VALUES (17,13);
INSERT INTO PREFERENCES VALUES (17,14);
INSERT INTO PREFERENCES VALUES (17,16);
INSERT INTO PREFERENCES VALUES (17,17);
INSERT INTO PREFERENCES VALUES (17,18);
INSERT INTO PREFERENCES VALUES (17,19);
INSERT INTO PREFERENCES VALUES (17,21);
INSERT INTO PREFERENCES VALUES (17,22);
INSERT INTO PREFERENCES VALUES (17,23);
INSERT INTO PREFERENCES VALUES (17,24);
INSERT INTO PREFERENCES VALUES (18,1);
INSERT INTO PREFERENCES VALUES (18,3);
INSERT INTO PREFERENCES VALUES (18,4);
INSERT INTO PREFERENCES VALUES (18,5);
INSERT INTO PREFERENCES VALUES (18,6);
INSERT INTO PREFERENCES VALUES (18,7);
INSERT INTO PREFERENCES VALUES (18,8);
INSERT INTO PREFERENCES VALUES (18,9);
INSERT INTO PREFERENCES VALUES (18,10);
INSERT INTO PREFERENCES VALUES (18,11);
INSERT INTO PREFERENCES VALUES (18,12);
INSERT INTO PREFERENCES VALUES (18,14);
INSERT INTO PREFERENCES VALUES (18,15);
INSERT INTO PREFERENCES VALUES (18,16);
INSERT INTO PREFERENCES VALUES (18,18);
INSERT INTO PREFERENCES VALUES (18,20);
INSERT INTO PREFERENCES VALUES (18,21);
INSERT INTO PREFERENCES VALUES (18,22);
INSERT INTO PREFERENCES VALUES (18,23);
INSERT INTO PREFERENCES VALUES (18,24);
INSERT INTO PREFERENCES VALUES (18,25);
INSERT INTO PREFERENCES VALUES (19,1);
INSERT INTO PREFERENCES VALUES (19,2);
INSERT INTO PREFERENCES VALUES (19,3);
INSERT INTO PREFERENCES VALUES (19,4);
INSERT INTO PREFERENCES VALUES (19,5);
INSERT INTO PREFERENCES VALUES (19,6);
INSERT INTO PREFERENCES VALUES (19,7);
INSERT INTO PREFERENCES VALUES (19,10);
INSERT INTO PREFERENCES VALUES (19,11);
INSERT INTO PREFERENCES VALUES (19,12);
INSERT INTO PREFERENCES VALUES (19,14);
INSERT INTO PREFERENCES VALUES (19,15);
INSERT INTO PREFERENCES VALUES (19,18);
INSERT INTO PREFERENCES VALUES (19,19);
INSERT INTO PREFERENCES VALUES (19,20);
INSERT INTO PREFERENCES VALUES (19,22);
INSERT INTO PREFERENCES VALUES (19,24);
INSERT INTO PREFERENCES VALUES (20,1);
INSERT INTO PREFERENCES VALUES (20,3);
INSERT INTO PREFERENCES VALUES (20,4);
INSERT INTO PREFERENCES VALUES (20,5);
INSERT INTO PREFERENCES VALUES (20,9);
INSERT INTO PREFERENCES VALUES (20,12);
INSERT INTO PREFERENCES VALUES (20,14);
INSERT INTO PREFERENCES VALUES (20,16);
INSERT INTO PREFERENCES VALUES (20,18);
INSERT INTO PREFERENCES VALUES (20,19);
INSERT INTO PREFERENCES VALUES (20,22);
INSERT INTO PREFERENCES VALUES (20,23);
INSERT INTO PREFERENCES VALUES (20,24);
INSERT INTO PREFERENCES VALUES (20,25);
INSERT INTO PREFERENCES VALUES (21,1);
INSERT INTO PREFERENCES VALUES (21,5);
INSERT INTO PREFERENCES VALUES (21,8);
INSERT INTO PREFERENCES VALUES (21,11);
INSERT INTO PREFERENCES VALUES (21,12);
INSERT INTO PREFERENCES VALUES (21,14);
INSERT INTO PREFERENCES VALUES (21,15);
INSERT INTO PREFERENCES VALUES (21,22);
INSERT INTO PREFERENCES VALUES (22,1);
INSERT INTO PREFERENCES VALUES (22,3);
INSERT INTO PREFERENCES VALUES (22,4);
INSERT INTO PREFERENCES VALUES (22,5);
INSERT INTO PREFERENCES VALUES (22,7);
INSERT INTO PREFERENCES VALUES (22,20);
INSERT INTO PREFERENCES VALUES (22,24);
INSERT INTO PREFERENCES VALUES (23,1);
INSERT INTO PREFERENCES VALUES (23,2);
INSERT INTO PREFERENCES VALUES (23,3);
INSERT INTO PREFERENCES VALUES (23,4);
INSERT INTO PREFERENCES VALUES (23,5);
INSERT INTO PREFERENCES VALUES (23,7);
INSERT INTO PREFERENCES VALUES (23,8);
INSERT INTO PREFERENCES VALUES (23,10);
INSERT INTO PREFERENCES VALUES (23,11);
INSERT INTO PREFERENCES VALUES (23,14);
INSERT INTO PREFERENCES VALUES (23,15);
INSERT INTO PREFERENCES VALUES (23,16);
INSERT INTO PREFERENCES VALUES (23,18);
INSERT INTO PREFERENCES VALUES (23,19);
INSERT INTO PREFERENCES VALUES (23,20);
INSERT INTO PREFERENCES VALUES (23,21);
INSERT INTO PREFERENCES VALUES (23,22);
INSERT INTO PREFERENCES VALUES (23,23);
INSERT INTO PREFERENCES VALUES (23,25);
INSERT INTO PREFERENCES VALUES (24,1);
INSERT INTO PREFERENCES VALUES (24,2);
INSERT INTO PREFERENCES VALUES (24,7);
INSERT INTO PREFERENCES VALUES (24,8);
INSERT INTO PREFERENCES VALUES (24,10);
INSERT INTO PREFERENCES VALUES (24,11);
INSERT INTO PREFERENCES VALUES (24,12);
INSERT INTO PREFERENCES VALUES (24,16);
INSERT INTO PREFERENCES VALUES (24,17);
INSERT INTO PREFERENCES VALUES (24,18);
INSERT INTO PREFERENCES VALUES (24,20);
INSERT INTO PREFERENCES VALUES (24,24);
INSERT INTO PREFERENCES VALUES (25,1);
INSERT INTO PREFERENCES VALUES (25,2);
INSERT INTO PREFERENCES VALUES (25,3);
INSERT INTO PREFERENCES VALUES (25,4);
INSERT INTO PREFERENCES VALUES (25,6);
INSERT INTO PREFERENCES VALUES (25,8);
INSERT INTO PREFERENCES VALUES (25,9);
INSERT INTO PREFERENCES VALUES (25,10);
INSERT INTO PREFERENCES VALUES (25,12);
INSERT INTO PREFERENCES VALUES (25,13);
INSERT INTO PREFERENCES VALUES (25,15);
INSERT INTO PREFERENCES VALUES (25,16);
INSERT INTO PREFERENCES VALUES (25,17);
INSERT INTO PREFERENCES VALUES (25,18);
INSERT INTO PREFERENCES VALUES (25,19);
INSERT INTO PREFERENCES VALUES (25,20);
INSERT INTO PREFERENCES VALUES (25,22);
INSERT INTO PREFERENCES VALUES (25,25);
INSERT INTO PREFERENCES VALUES (26,2);
INSERT INTO PREFERENCES VALUES (26,3);
INSERT INTO PREFERENCES VALUES (26,6);
INSERT INTO PREFERENCES VALUES (26,7);
INSERT INTO PREFERENCES VALUES (26,8);
INSERT INTO PREFERENCES VALUES (26,13);
INSERT INTO PREFERENCES VALUES (26,16);
INSERT INTO PREFERENCES VALUES (26,19);
INSERT INTO PREFERENCES VALUES (26,21);
INSERT INTO PREFERENCES VALUES (26,22);
INSERT INTO PREFERENCES VALUES (26,23);
INSERT INTO PREFERENCES VALUES (27,5);
INSERT INTO PREFERENCES VALUES (27,6);
INSERT INTO PREFERENCES VALUES (27,11);
INSERT INTO PREFERENCES VALUES (27,13);
INSERT INTO PREFERENCES VALUES (27,15);
INSERT INTO PREFERENCES VALUES (27,16);
INSERT INTO PREFERENCES VALUES (27,20);
INSERT INTO PREFERENCES VALUES (27,25);
INSERT INTO PREFERENCES VALUES (28,6);
INSERT INTO PREFERENCES VALUES (28,7);
INSERT INTO PREFERENCES VALUES (28,9);
INSERT INTO PREFERENCES VALUES (28,10);
INSERT INTO PREFERENCES VALUES (28,11);
INSERT INTO PREFERENCES VALUES (28,13);
INSERT INTO PREFERENCES VALUES (28,14);
INSERT INTO PREFERENCES VALUES (28,17);
INSERT INTO PREFERENCES VALUES (28,18);
INSERT INTO PREFERENCES VALUES (28,19);
INSERT INTO PREFERENCES VALUES (28,21);
INSERT INTO PREFERENCES VALUES (28,25);
INSERT INTO PREFERENCES VALUES (29,1);
INSERT INTO PREFERENCES VALUES (29,4);
INSERT INTO PREFERENCES VALUES (29,5);
INSERT INTO PREFERENCES VALUES (29,8);
INSERT INTO PREFERENCES VALUES (29,9);
INSERT INTO PREFERENCES VALUES (29,10);
INSERT INTO PREFERENCES VALUES (29,13);
INSERT INTO PREFERENCES VALUES (29,14);
INSERT INTO PREFERENCES VALUES (29,15);
INSERT INTO PREFERENCES VALUES (29,19);
INSERT INTO PREFERENCES VALUES (29,22);
INSERT INTO PREFERENCES VALUES (29,24);
INSERT INTO PREFERENCES VALUES (30,7);
INSERT INTO PREFERENCES VALUES (30,8);
INSERT INTO PREFERENCES VALUES (30,9);
INSERT INTO PREFERENCES VALUES (30,14);
INSERT INTO PREFERENCES VALUES (30,15);
INSERT INTO PREFERENCES VALUES (30,18);
INSERT INTO PREFERENCES VALUES (30,19);
INSERT INTO PREFERENCES VALUES (30,20);
INSERT INTO PREFERENCES VALUES (30,21);
INSERT INTO PREFERENCES VALUES (30,23);
INSERT INTO PREFERENCES VALUES (30,24);
INSERT INTO PREFERENCES VALUES (30,25);
INSERT INTO PREFERENCES VALUES (31,1);
INSERT INTO PREFERENCES VALUES (31,2);
INSERT INTO PREFERENCES VALUES (31,5);
INSERT INTO PREFERENCES VALUES (31,6);
INSERT INTO PREFERENCES VALUES (31,7);
INSERT INTO PREFERENCES VALUES (31,8);
INSERT INTO PREFERENCES VALUES (31,13);
INSERT INTO PREFERENCES VALUES (31,16);
INSERT INTO PREFERENCES VALUES (31,17);
INSERT INTO PREFERENCES VALUES (31,18);
INSERT INTO PREFERENCES VALUES (31,22);
INSERT INTO PREFERENCES VALUES (31,23);
INSERT INTO PREFERENCES VALUES (31,24);
INSERT INTO PREFERENCES VALUES (31,25);
INSERT INTO PREFERENCES VALUES (32,3);
INSERT INTO PREFERENCES VALUES (32,5);
INSERT INTO PREFERENCES VALUES (32,6);
INSERT INTO PREFERENCES VALUES (32,7);
INSERT INTO PREFERENCES VALUES (32,14);
INSERT INTO PREFERENCES VALUES (32,15);
INSERT INTO PREFERENCES VALUES (32,17);
INSERT INTO PREFERENCES VALUES (32,22);
INSERT INTO PREFERENCES VALUES (33,2);
INSERT INTO PREFERENCES VALUES (33,3);
INSERT INTO PREFERENCES VALUES (33,5);
INSERT INTO PREFERENCES VALUES (33,8);
INSERT INTO PREFERENCES VALUES (33,9);
INSERT INTO PREFERENCES VALUES (33,11);
INSERT INTO PREFERENCES VALUES (33,12);
INSERT INTO PREFERENCES VALUES (33,13);
INSERT INTO PREFERENCES VALUES (33,21);
INSERT INTO PREFERENCES VALUES (33,22);
INSERT INTO PREFERENCES VALUES (34,1);
INSERT INTO PREFERENCES VALUES (34,3);
INSERT INTO PREFERENCES VALUES (34,6);
INSERT INTO PREFERENCES VALUES (34,8);
INSERT INTO PREFERENCES VALUES (34,10);
INSERT INTO PREFERENCES VALUES (34,11);
INSERT INTO PREFERENCES VALUES (34,12);
INSERT INTO PREFERENCES VALUES (34,14);
INSERT INTO PREFERENCES VALUES (34,19);
INSERT INTO PREFERENCES VALUES (34,20);
INSERT INTO PREFERENCES VALUES (34,25);
INSERT INTO PREFERENCES VALUES (35,1);
INSERT INTO PREFERENCES VALUES (35,6);
INSERT INTO PREFERENCES VALUES (35,8);
INSERT INTO PREFERENCES VALUES (35,15);
INSERT INTO PREFERENCES VALUES (35,18);
INSERT INTO PREFERENCES VALUES (35,19);
INSERT INTO PREFERENCES VALUES (35,23);
INSERT INTO PREFERENCES VALUES (35,25);
INSERT INTO PREFERENCES VALUES (36,3);
INSERT INTO PREFERENCES VALUES (36,4);
INSERT INTO PREFERENCES VALUES (36,5);
INSERT INTO PREFERENCES VALUES (36,12);
INSERT INTO PREFERENCES VALUES (36,14);
INSERT INTO PREFERENCES VALUES (36,15);
INSERT INTO PREFERENCES VALUES (36,19);
INSERT INTO PREFERENCES VALUES (36,25);
INSERT INTO PREFERENCES VALUES (37,1);
INSERT INTO PREFERENCES VALUES (37,2);
INSERT INTO PREFERENCES VALUES (37,4);
INSERT INTO PREFERENCES VALUES (37,5);
INSERT INTO PREFERENCES VALUES (37,6);
INSERT INTO PREFERENCES VALUES (37,8);
INSERT INTO PREFERENCES VALUES (37,9);
INSERT INTO PREFERENCES VALUES (37,11);
INSERT INTO PREFERENCES VALUES (37,12);
INSERT INTO PREFERENCES VALUES (37,13);
INSERT INTO PREFERENCES VALUES (37,14);
INSERT INTO PREFERENCES VALUES (37,15);
INSERT INTO PREFERENCES VALUES (37,16);
INSERT INTO PREFERENCES VALUES (37,17);
INSERT INTO PREFERENCES VALUES (37,18);
INSERT INTO PREFERENCES VALUES (37,19);
INSERT INTO PREFERENCES VALUES (37,20);
INSERT INTO PREFERENCES VALUES (37,22);
INSERT INTO PREFERENCES VALUES (37,24);
INSERT INTO PREFERENCES VALUES (38,1);
INSERT INTO PREFERENCES VALUES (38,2);
INSERT INTO PREFERENCES VALUES (38,3);
INSERT INTO PREFERENCES VALUES (38,4);
INSERT INTO PREFERENCES VALUES (38,7);
INSERT INTO PREFERENCES VALUES (38,11);
INSERT INTO PREFERENCES VALUES (38,14);
INSERT INTO PREFERENCES VALUES (38,15);
INSERT INTO PREFERENCES VALUES (38,18);
INSERT INTO PREFERENCES VALUES (38,19);
INSERT INTO PREFERENCES VALUES (38,21);
INSERT INTO PREFERENCES VALUES (38,25);
INSERT INTO PREFERENCES VALUES (39,5);
INSERT INTO PREFERENCES VALUES (39,6);
INSERT INTO PREFERENCES VALUES (39,7);
INSERT INTO PREFERENCES VALUES (39,8);
INSERT INTO PREFERENCES VALUES (39,10);
INSERT INTO PREFERENCES VALUES (39,11);
INSERT INTO PREFERENCES VALUES (39,12);
INSERT INTO PREFERENCES VALUES (39,16);
INSERT INTO PREFERENCES VALUES (39,18);
INSERT INTO PREFERENCES VALUES (39,19);
INSERT INTO PREFERENCES VALUES (39,21);
INSERT INTO PREFERENCES VALUES (39,22);
INSERT INTO PREFERENCES VALUES (39,23);
INSERT INTO PREFERENCES VALUES (40,1);
INSERT INTO PREFERENCES VALUES (40,6);
INSERT INTO PREFERENCES VALUES (40,9);
INSERT INTO PREFERENCES VALUES (40,10);
INSERT INTO PREFERENCES VALUES (40,14);
INSERT INTO PREFERENCES VALUES (40,15);
INSERT INTO PREFERENCES VALUES (40,16);
INSERT INTO PREFERENCES VALUES (40,23);
INSERT INTO PREFERENCES VALUES (40,24);
INSERT INTO PREFERENCES VALUES (41,4);
INSERT INTO PREFERENCES VALUES (41,5);
INSERT INTO PREFERENCES VALUES (41,8);
INSERT INTO PREFERENCES VALUES (41,10);
INSERT INTO PREFERENCES VALUES (41,11);
INSERT INTO PREFERENCES VALUES (41,12);
INSERT INTO PREFERENCES VALUES (41,16);
INSERT INTO PREFERENCES VALUES (41,19);
INSERT INTO PREFERENCES VALUES (41,23);
INSERT INTO PREFERENCES VALUES (41,24);
INSERT INTO PREFERENCES VALUES (41,25);
INSERT INTO PREFERENCES VALUES (42,5);
INSERT INTO PREFERENCES VALUES (42,9);
INSERT INTO PREFERENCES VALUES (42,11);
INSERT INTO PREFERENCES VALUES (42,13);
INSERT INTO PREFERENCES VALUES (42,17);
INSERT INTO PREFERENCES VALUES (42,22);
INSERT INTO PREFERENCES VALUES (42,23);
INSERT INTO PREFERENCES VALUES (42,24);
INSERT INTO PREFERENCES VALUES (42,25);
INSERT INTO PREFERENCES VALUES (43,2);
INSERT INTO PREFERENCES VALUES (43,4);
INSERT INTO PREFERENCES VALUES (43,8);
INSERT INTO PREFERENCES VALUES (43,9);
INSERT INTO PREFERENCES VALUES (43,16);
INSERT INTO PREFERENCES VALUES (43,19);
INSERT INTO PREFERENCES VALUES (43,20);
INSERT INTO PREFERENCES VALUES (43,22);
INSERT INTO PREFERENCES VALUES (43,23);
INSERT INTO PREFERENCES VALUES (44,1);
INSERT INTO PREFERENCES VALUES (44,2);
INSERT INTO PREFERENCES VALUES (44,3);
INSERT INTO PREFERENCES VALUES (44,4);
INSERT INTO PREFERENCES VALUES (44,7);
INSERT INTO PREFERENCES VALUES (44,9);
INSERT INTO PREFERENCES VALUES (44,10);
INSERT INTO PREFERENCES VALUES (44,11);
INSERT INTO PREFERENCES VALUES (44,15);
INSERT INTO PREFERENCES VALUES (44,16);
INSERT INTO PREFERENCES VALUES (44,17);
INSERT INTO PREFERENCES VALUES (44,21);
INSERT INTO PREFERENCES VALUES (44,22);
INSERT INTO PREFERENCES VALUES (44,23);
INSERT INTO PREFERENCES VALUES (44,24);
INSERT INTO PREFERENCES VALUES (44,25);
INSERT INTO PREFERENCES VALUES (45,1);
INSERT INTO PREFERENCES VALUES (45,2);
INSERT INTO PREFERENCES VALUES (45,3);
INSERT INTO PREFERENCES VALUES (45,4);
INSERT INTO PREFERENCES VALUES (45,5);
INSERT INTO PREFERENCES VALUES (45,7);
INSERT INTO PREFERENCES VALUES (45,8);
INSERT INTO PREFERENCES VALUES (45,9);
INSERT INTO PREFERENCES VALUES (45,10);
INSERT INTO PREFERENCES VALUES (45,13);
INSERT INTO PREFERENCES VALUES (45,14);
INSERT INTO PREFERENCES VALUES (45,15);
INSERT INTO PREFERENCES VALUES (45,16);
INSERT INTO PREFERENCES VALUES (45,18);
INSERT INTO PREFERENCES VALUES (45,20);
INSERT INTO PREFERENCES VALUES (45,21);
INSERT INTO PREFERENCES VALUES (45,22);
INSERT INTO PREFERENCES VALUES (45,23);
INSERT INTO PREFERENCES VALUES (45,24);
INSERT INTO PREFERENCES VALUES (45,25);
INSERT INTO PREFERENCES VALUES (46,6);
INSERT INTO PREFERENCES VALUES (46,8);
INSERT INTO PREFERENCES VALUES (46,9);
INSERT INTO PREFERENCES VALUES (46,11);
INSERT INTO PREFERENCES VALUES (46,12);
INSERT INTO PREFERENCES VALUES (46,13);
INSERT INTO PREFERENCES VALUES (46,14);
INSERT INTO PREFERENCES VALUES (46,15);
INSERT INTO PREFERENCES VALUES (46,16);
INSERT INTO PREFERENCES VALUES (46,17);
INSERT INTO PREFERENCES VALUES (46,22);
